{
  "states": [
    { "value": "andhra-pradesh", "label": "Andhra Pradesh" },
    { "value": "arunachal", "label": "Arunachal Pradesh" },
    { "value": "assam", "label": "Assam" },
    { "value": "bihar", "label": "Bihar" },
    { "value": "chhattisgarh", "label": "Chhattisgarh" },
    { "value": "goa", "label": "Goa" },
    { "value": "gujarat", "label": "Gujarat" },
    { "value": "haryana", "label": "Haryana" },
    { "value": "himachal", "label": "Himachal Pradesh" },
    { "value": "jharkhand", "label": "Jharkhand" },
    { "value": "karnataka", "label": "Karnataka" },
    { "value": "kerala", "label": "Kerala" },
    { "value": "madhya", "label": "Madhya Pradesh" },
    { "value": "maharashtra", "label": "Maharashtra" },
    { "value": "manipur", "label": "Manipur" },
    { "value": "meghalaya", "label": "Meghalaya" },
    { "value": "mizoram", "label": "Mizoram" },
    { "value": "nagaland", "label": "Nagaland" },
    { "value": "odisha", "label": "Odisha" },
    { "value": "punjab", "label": "Punjab" },
    { "value": "rajasthan", "label": "Rajasthan" },
    { "value": "sikkim", "label": "Sikkim" },
    { "value": "tamil", "label": "Tamil Nadu" },
    { "value": "telangana", "label": "Telangana" },
    { "value": "tripura", "label": "Tripura" },
    { "value": "uttar-pradesh", "label": "Uttar Pradesh" },
    { "value": "uttarakhand", "label": "Uttarakhand" },
    { "value": "west-bengal", "label": "West Bengal" },
    { "value": "delhi", "label": "Delhi" },
    { "value": "chandigarh", "label": "Chandigarh" },
    { "value": "puducherry", "label": "Puducherry" }
  ],
  "districts": {
    "andhra-pradesh": [
      "Visakhapatnam",
      "Krishna",
      "Guntur",
      "East Godavari",
      "West Godavari",
      "Nellore",
      "Chittoor",
      "Kadapa",
      "Prakasam",
      "Anantapur"
    ],
    "arunachal": [
      "Papum Pare",
      "Lohit",
      "Changlang",
      "Kra Daadi",
      "Namsai",
      "Tirap",
      "Siang"
    ],
    "assam": [
      "Kamrup",
      "Barpeta",
      "Nagaon",
      "Sonitpur",
      "Dhemaji",
      "Lakhimpur",
      "Biswanath",
      "Udalguri",
      "Darrang"
    ],
    "bihar": [
      "Patna",
      "East Champaran",
      "West Champaran",
      "Muzaffarpur",
      "Vaishali",
      "Samastipur",
      "Madhubani",
      "Darbhanga"
    ],
    "chhattisgarh": [
      "Raipur",
      "Durg",
      "Bilaspur",
      "Rajnandgaon",
      "Dhamtari",
      "Kabirdham",
      "Balod",
      "Bemetara"
    ],
    "goa": ["North Goa", "South Goa"],
    "gujarat": [
      "Ahmedabad",
      "Surat",
      "Vadodara",
      "Rajkot",
      "Jamnagar",
      "Junagadh",
      "Bhavnagar",
      "Gandhinagar",
      "Anand"
    ],
    "haryana": [
      "Faridabad",
      "Gurgaon",
      "Hisar",
      "Rohtak",
      "Karnal",
      "Panipat",
      "Ambala",
      "Yamunanagar"
    ],
    "himachal": [
      "Kangra",
      "Mandi",
      "Shimla",
      "Solan",
      "Kinnaur",
      "Chamba",
      "Lahaul",
      "Sirmaur"
    ],
    "jharkhand": [
      "Ranchi",
      "Dhanbad",
      "Giridih",
      "East Singhbhum",
      "West Singhbhum",
      "Koderma",
      "Hazaribagh"
    ],
    "karnataka": [
      "Bengaluru",
      "Mysuru",
      "Hubballi",
      "Mangaluru",
      "Belagavi",
      "Kalaburagi",
      "Tumkur",
      "Shivamogga",
      "Kolar",
      "Bijapur"
    ],
    "kerala": [
      "Thiruvananthapuram",
      "Kollam",
      "Pathanamthitta",
      "Alappuzha",
      "Kottayam",
      "Ernakulam",
      "Thrissur",
      "Malappuram",
      "Kozhikode",
      "Wayanad"
    ],
    "madhya": [
      "Indore",
      "Bhopal",
      "Gwalior",
      "Jabalpur",
      "Ujjain",
      "Sagar",
      "Ratlam",
      "Seoni",
      "Betul",
      "Chhindwara"
    ],
    "maharashtra": [
      "Mumbai",
      "Pune",
      "Nagpur",
      "Thane",
      "Nashik",
      "Aurangabad",
      "Kolhapur",
      "Ahmednagar",
      "Solapur",
      "Satara"
    ],
    "manipur": [
      "Imphal East",
      "Imphal West",
      "Bishnupur",
      "Thoubal",
      "Ukhrul",
      "Churachandpur"
    ],
    "meghalaya": [
      "Shillong",
      "East Khasi Hills",
      "West Khasi Hills",
      "Jaintia Hills",
      "Ri Bhoi"
    ],
    "mizoram": ["Aizawl", "Lunglei", "Serchhip", "Mamit", "Saiha", "Kolasib"],
    "nagaland": [
      "Kohima",
      "Dimapur",
      "Mokokchung",
      "Tuensang",
      "Kiphire",
      "Longleng",
      "Wokha"
    ],
    "odisha": [
      "Bhubaneswar",
      "Cuttack",
      "Rourkela",
      "Bargarh",
      "Balangir",
      "Bolangir",
      "Ganjam",
      "Mayurbhanj",
      "Koraput"
    ],
    "punjab": [
      "Amritsar",
      "Ludhiana",
      "Jalandhar",
      "Patiala",
      "Bathinda",
      "Firozpur",
      "Sangrur",
      "Moga"
    ],
    "rajasthan": [
      "Jaipur",
      "Jodhpur",
      "Udaipur",
      "Kota",
      "Ajmer",
      "Bikaner",
      "Alwar",
      "Sikar",
      "Pali",
      "Tonk"
    ],
    "sikkim": ["East Sikkim", "West Sikkim", "North Sikkim", "South Sikkim"],
    "tamil": [
      "Chennai",
      "Coimbatore",
      "Madurai",
      "Tiruchirappalli",
      "Salem",
      "Erode",
      "Cuddalore",
      "Kanyakumari",
      "Tirunelveli"
    ],
    "telangana": [
      "Hyderabad",
      "Secunderabad",
      "Warangal",
      "Vijayawada",
      "Nizamabad",
      "Khammam",
      "Karimnagar",
      "Medchal"
    ],
    "tripura": ["Agartala", "West Tripura", "Dhalai", "North Tripura"],
    "uttar-pradesh": [
      "Lucknow",
      "Kanpur",
      "Ghaziabad",
      "Agra",
      "Noida",
      "Meerut",
      "Varanasi",
      "Allahabad",
      "Indore",
      "Bareilly"
    ],
    "uttarakhand": [
      "Dehradun",
      "Haridwar",
      "Nainital",
      "Almora",
      "Bageshwar",
      "Pithoragarh",
      "Rudraprayag"
    ],
    "west-bengal": [
      "Kolkata",
      "Howrah",
      "Darjeeling",
      "Jalpaiguli",
      "Malda",
      "Murshidabad",
      "Nadia",
      "South 24 Parganas"
    ],
    "delhi": [
      "Central Delhi",
      "East Delhi",
      "North Delhi",
      "South Delhi",
      "West Delhi"
    ],
    "chandigarh": ["Sector 1 - 56"],
    "puducherry": ["Puducherry", "Karaikal", "Mahe", "Yanam"]
  }
}
